{"loss":{"0":0.6172149181,"1":0.5614904165,"2":0.5260213017,"3":0.4263032675,"4":0.3062145412,"5":0.262498349,"6":0.2324547619,"7":0.220021978,"8":0.2119705528,"9":0.197984755,"10":0.1832101047,"11":0.168964982,"12":0.1678795666,"13":0.1505673677,"14":0.1569846869,"15":0.13890028,"16":0.1357813627,"17":0.1425259113,"18":0.1286081076,"19":0.1264131814,"20":0.1266025752,"21":0.1187833622,"22":0.1194779202,"23":0.1109796986,"24":0.1052548587},"accuracy":{"0":0.7338957191,"1":0.7429064512,"2":0.7429064512,"3":0.7430981398,"4":0.8412576914,"5":0.8874616623,"6":0.897814393,"7":0.9079754353,"8":0.9152607322,"9":0.9208205342,"10":0.9311733246,"11":0.9384585619,"12":0.9390337467,"13":0.9447852969,"14":0.941909492,"15":0.9484279156,"16":0.9513036609,"17":0.9493864775,"18":0.9530291557,"19":0.9549463391,"20":0.9536042809,"21":0.9595475197,"22":0.9589723945,"23":0.9616564512,"24":0.9605061412},"val_loss":{"0":0.7652041912,"1":0.804481864,"2":0.8043575287,"3":0.7678803802,"4":0.8838261366,"5":0.5188443065,"6":0.9629204273,"7":0.5113375187,"8":0.3815374374,"9":0.4833129346,"10":0.5110983253,"11":0.6740989685,"12":0.3418307304,"13":0.5095329285,"14":0.2893588245,"15":0.3649690151,"16":0.9938626885,"17":0.4606316388,"18":0.2600966096,"19":0.6028379798,"20":0.5253590345,"21":0.3939905167,"22":0.2816156149,"23":0.3356899023,"24":0.2853419781},"val_accuracy":{"0":0.5,"1":0.5,"2":0.5,"3":0.5,"4":0.625,"5":0.75,"6":0.625,"7":0.75,"8":0.8125,"9":0.75,"10":0.8125,"11":0.75,"12":0.875,"13":0.8125,"14":0.8125,"15":0.8125,"16":0.6875,"17":0.8125,"18":0.875,"19":0.8125,"20":0.8125,"21":0.875,"22":0.9375,"23":0.875,"24":0.875},"epoch":{"0":0,"1":1,"2":2,"3":3,"4":4,"5":5,"6":6,"7":7,"8":8,"9":9,"10":10,"11":11,"12":12,"13":13,"14":14,"15":15,"16":16,"17":17,"18":18,"19":19,"20":20,"21":21,"22":22,"23":23,"24":24}}